accuracy,macro_precision,macro_recall,macro_f1,weighted_precision,weighted_recall,weighted_f1
0.9084778420038536,0.8991371571829945,0.8980110737233734,0.8984544890054517,0.9089509889017736,0.9084778420038536,0.9086052982757281
